2010,YR2010,Afghanistan,AFG,..,..,..,..,..,..,..,..,7020508,8.5,48.602897644043,49.2320709228516,..,..,..,7,..,6,99.39882,109.30089,..,..,..,118858,..,13,6,50.1815,..,..,..,..
2010,YR2010,Albania,ALB,43.56153,..,..,..,..,..,..,..,1216912,14.1999998092651,22.828010559082,67.0697784423828,..,..,60.72844,6,..,5,..,..,..,5.19261,..,11409,..,11,7,..,6.14436,98.11121,..,24082
2010,YR2010,Algeria,DZA,28.75825,..,..,..,..,..,..,..,11641894,10,27.1200714111328,68.1469955444336,..,..,83.74326,6,92.62796,5,113.32272,113.93398,97.29644,0.13676,..,141994,29678,11,7,95.39151,0.07714,91.97815,21.62983,..
2010,YR2010,American Samoa,ASM,..,..,..,..,..,..,..,..,..,..,..,..,..,..,..,6,..,6,..,..,..,..,..,..,..,..,..,..,..,..,..,..
2010,YR2010,Andorra,ADO,..,..,..,..,..,..,..,..,..,..,..,..,..,..,..,6,..,6,..,..,..,2.06091,100,453,..,12,6,..,2.04484,..,6.85265,..
2010,YR2010,Angola,AGO,..,..,..,..,8.94735,..,..,..,7111735,7.59999990463257,47.8066139221191,49.7721748352051,..,..,100.4604,6,46.75689,6,123.83676,161.395,85.62074,1.94601,..,93734,496158,12,6,31.31399,10.58419,44.15628,..,..
2010,YR2010,Antigua and Barbuda,ATG,16.23196,..,..,..,..,..,..,..,..,..,26.2331924438477,66.5333099365234,..,..,84.3236,5,102.32412,7,103.39949,95.49967,88.3315,51.93709,54.75234,747,1146,12,5,106.2201,18.27881,..,8.51932,694
2010,YR2010,Argentina,ARG,74.82966,16.42574,25.05885,18.38845,15.01914,24.5,40.2999992370605,34.5999984741211,18350012,7.69999980926514,24.8763313293457,64.502082824707,..,..,75.05255,6,107.30514,6,118.43477,114.89663,..,24.82234,..,..,..,12,6,90.22608,27.76247,..,9.75704,..
2010,YR2010,Armenia,ARM,50.62447,..,..,7.67896,12.40051,8.19999980926514,68.9000015258789,22.8999996185303,1451010,19,20.5149593353271,68.9372940063477,..,..,..,7,..,3,..,..,..,..,..,..,..,10,7,99.50405,..,98.89482,0.10511,..
2010,YR2010,Aruba,ABW,37.35172,15.03057,21.42361,37.75328,..,..,..,..,..,..,20.8096694946289,68.8908157348633,99.1384124755859,96.822639465332,104.46263,6,94.72278,6,113.72866,101.15607,98.93223,74.0211,100,586,93,12,5,95.83605,91.77336,..,..,532
2010,YR2010,Australia,AUS,79.77163,22.48947,19.84485,21.48619,14.32945,..,..,..,11715010,5.19999980926514,18.9433078765869,67.6087112426758,..,..,78.12426,5,..,7,104.43138,..,96.49082,30.87215,..,..,65493,12,6,130.84425,33.28628,..,..,..
2010,YR2010,Austria,AUT,68.72152,25.92028,29.60003,39.27457,11.20073,16.7999992370605,64.0999984741211,19.1000003814697,4327016,4.40000009536743,14.7522401809692,67.4177703857422,..,..,101.11669,6,98.61473,4,100.15052,103.17618,..,5.74029,..,29743,..,10,8,98.5481,9.87671,98.90612,0,74576
2010,YR2010,Azerbaijan,AZE,19.26004,..,..,19.55726,8.77911,..,..,..,4514736,5.59999990463257,22.6934585571289,71.3826293945313,99.9505996704102,99.7711410522461,25.58294,6,89.51445,4,93.7623,89.50567,84.44645,0.31855,99.97936,43610,78445,10,7,98.80386,13.44994,98.46449,0.67333,..
2010,YR2010,"Bahamas, The",BHS,..,..,..,..,..,..,..,..,207048,14.1000003814697,22.4913864135742,70.5512924194336,..,..,..,5,93.1642,6,107.96289,108.99149,97.50965,29.59061,91.54871,2402,694,11,6,92.85869,30.49468,..,1.16549,2837
2010,YR2010,Bahrain,BHR,36.87181,..,..,..,..,28.5,31.2000007629395,9.80000019073486,707016,7.5,19.8681907653809,78.0991516113281,98.1635971069336,94.5567932128906,49.33482,6,..,6,..,..,..,31.13097,..,..,..,12,6,96.43667,21.24901,98.96738,..,..
2010,YR2010,Bangladesh,BGD,..,..,14.75909,..,..,..,..,..,73014258,4.5,31.6638355255127,63.7265548706055,..,..,13.06374,6,66.45477,5,104.46174,114.7645,91.54676,..,..,395281,621163,11,7,49.88847,95.11458,90.00065,3.61512,400052
2010,YR2010,Barbados,BRB,64.81191,..,24.96685,40.34833,14.93284,..,..,..,161078,10.8000001907349,19.3166084289551,70.2763214111328,..,..,81.96814,5,99.77955,6,105.68071,101.10076,96.01608,11.32001,58.49598,1742,849,11,5,101.4993,5.55983,..,..,..
2010,YR2010,Belarus,BLR,78.99414,..,..,15.46073,11.77846,..,..,..,4452564,10,14.8484840393066,71.2083053588867,..,..,101.60027,6,105.9047,4,103.40835,99.07638,91.06437,0.06065,99.76158,23907,29725,10,7,106.96027,0.559,98.4144,0.00647,..
2010,YR2010,Belgium,BEL,67.52088,23.0281,37.79391,35.67174,12.5002,22.3999996185303,38.7000007629395,38.9000015258789,4898557,8.30000019073486,16.7765083312988,66.0598297119141,..,..,118.46244,6,90.60693,6,104.04486,96.20249,98.8585,53.82946,..,66317,6586,12,6,105.07527,68.68008,..,7.72718,..
2010,YR2010,Belize,BLZ,22.5795,17.41289,24.9777,24.61714,21.83657,..,..,..,130266,8.30000019073486,35.4548835754395,60.6458320617676,..,..,44.61882,5,108.29719,6,120.61303,111.23183,96.41951,82.21652,45.2049,2367,409,11,6,80.52273,63.20622,90.89791,5.74099,1947
2010,YR2010,Benin,BEN,..,15.01829,..,..,26.14396,..,..,..,3917024,1,43.4212265014648,53.6989936828613,..,..,16.86536,6,64.83989,6,116.28954,141.60162,94.12085,13.19647,42.63103,38540,90391,12,7,..,..,67.04255,..,..
2010,YR2010,Bermuda,BMU,29.81673,11.96799,17.8416,18.44113,..,..,..,..,..,..,..,..,..,..,44.625,5,99.87578,6,92.28389,89.96283,88.32267,37.33512,..,608,444,11,7,78.72416,45.24672,86.31841,..,825
2010,YR2010,Bhutan,BTN,7.0034,7.79748,27.01584,86.97363,10.01573,..,..,..,360053,3.29999995231628,29.7609691619873,65.7327880859375,..,..,2.37477,6,90.35709,7,110.48943,115.03695,88.09402,2.72993,..,4262,10618,13,6,66.25247,11.49644,95.95903,4.71051,2805
2010,YR2010,Bolivia,BOL,..,21.29112,19.17639,..,24.12779,..,..,..,4689915,3.29999995231628,36.0442733764648,59.2657127380371,..,..,44.65442,6,92.89727,6,98.00423,85.07482,86.12152,8.28013,..,..,154080,12,6,77.53759,13.09918,89.022,5.92219,..
2010,YR2010,Bosnia and Herzegovina,BIH,36.52696,..,..,..,..,20.6000003814697,66.0999984741211,13.3000001907349,1435955,27.2000007629395,17.3960056304932,67.5331726074219,..,..,14.12169,6,..,5,..,..,..,1.21583,..,..,..,11,8,..,1.52556,..,0.34686,..
2010,YR2010,Botswana,BWA,..,..,..,..,..,..,..,..,990506,17.8999996185303,34.2531852722168,62.2634696960449,..,..,..,6,..,7,..,..,..,..,..,..,..,13,5,..,..,..,..,..
2010,YR2010,Brazil,BRA,..,21.07552,21.56637,28.44258,14.6061,..,..,..,101813317,7.90000009536743,25.4917850494385,67.6001129150391,97.5141220092773,90.3791809082031,..,7,..,4,..,..,..,13.77807,..,762132,..,11,7,..,13.63632,90.80572,18.06024,1412582
2010,YR2010,Brunei Darussalam,BRN,17.60385,5.15604,7.84746,32.22347,5.29154,..,..,..,190835,3.70000004768372,26.5934200286865,69.7467880249023,..,..,86.93167,6,108.94203,6,101.0236,91.98413,93.20833,36.41072,87.08932,3896,1385,12,7,100.67982,13.52311,99.81257,6.86962,..
2010,YR2010,Bulgaria,BGR,57.99295,22.79623,24.47699,15.62795,11.16342,14.6000003814697,59.9000015258789,25.6000003814697,3416896,10.1999998092651,13.3175354003906,68.3449096679688,..,..,84.08382,7,105.07665,4,103.20182,100.23027,97.85106,0.76477,..,14885,1509,11,8,90.43849,1.05737,98.43241,1.64472,44034
2010,YR2010,Burkina Faso,BFA,3.57959,17.58941,19.97265,219.78954,16.11636,..,..,..,7015643,3.29999995231628,45.9989395141602,51.5227699279785,..,..,2.82179,6,47.00051,6,78.35542,91.00343,60.17509,14.16574,..,39077,1032931,12,7,21.89451,41.85688,52.107,25.34574,17780
2010,YR2010,Burundi,BDI,3.16599,15.39819,51.86608,386.41937,..,..,..,..,4255131,7.80000019073486,43.9326591491699,53.5411911010742,..,..,10.47639,7,50.83358,6,135.12311,131.80557,93.95085,1.10689,..,36557,81150,13,7,23.14879,8.80481,36.74698,23.64457,11275
2010,YR2010,Cabo Verde,CPV,17.97689,..,..,..,14.39624,..,..,..,221032,7.69999980926514,31.8338146209717,62.4317817687988,..,..,70.59591,6,100.14539,6,111.12951,97.50965,94.48524,0.40909,90.02991,3009,3345,12,6,87.76021,13.41505,90.17344,20.20495,3522
2010,YR2010,Cambodia,KHM,14.0676,6.88351,..,27.82781,13.08358,26.5,18.5,2.09999990463257,8078134,1.60000002384186,31.8362331390381,63.1336631774902,..,..,12.67819,6,91.2786,6,129.88815,141.9964,98.19342,1.40267,99.05554,46905,31608,12,6,..,..,80.15865,2.3932,..
2010,YR2010,Cameroon,CMR,11.02242,6.98366,..,29.45259,18.75389,..,..,..,8157901,3.79999995231628,43.4124221801758,53.3418464660645,80.5744400024414,71.2905044555664,25.30715,6,69.75661,6,106.03843,118.64128,..,22.53598,57.39352,76655,..,12,7,..,..,52.33854,..,..
2010,YR2010,Canada,CAN,..,..,..,..,12.38789,..,..,..,18917051,8,16.4718322753906,69.3724517822266,..,..,71.2801,6,..,6,98.65349,100.21771,..,6.12328,..,..,..,12,6,102.34816,7.20274,..,..,..
2010,YR2010,Cayman Islands,CYM,..,..,..,..,..,..,..,..,..,..,..,..,..,..,..,5,..,6,..,..,..,..,..,..,..,11,6,..,..,..,..,..
2010,YR2010,Central African Republic,CAF,2.61204,4.38215,..,96.14395,6.48484,..,..,..,2031894,7.59999990463257,40.6466903686523,55.4591674804688,36.3562698364258,36.7526092529297,..,6,41.24126,6,93.71235,107.14058,70.77495,14.20178,..,7553,196160,12,7,..,..,..,..,1653
2010,YR2010,Chad,TCD,2.12218,6.9432,14.79225,207.40764,8.11928,..,..,..,4293544,7.59999990463257,48.838134765625,48.6557235717773,..,..,1.71972,6,31.31622,6,83.39881,111.49938,..,8.44519,70.17,27764,..,12,7,22.90933,14.82075,72.27706,19.66338,13253
2010,YR2010,Channel Islands,CHI,..,..,..,..,..,..,..,..,..,..,15.2829151153564,68.8994369506836,..,..,..,..,..,..,..,..,..,..,..,..,..,..,..,..,..,..,..,..
2010,YR2010,Chile,CHL,65.93443,14.71399,15.36494,16.21202,17.51403,..,..,..,8052188,8.10000038146973,22.140209197998,68.6777725219727,..,..,105.7945,6,98.46351,6,102.23462,93.38759,94.06249,58.02955,..,66059,89480,12,6,89.12035,57.90865,90.52368,6.28317,69434
2010,YR2010,China,CHN,23.32153,..,..,..,..,..,..,..,774172295,4.19999980926514,18.1426124572754,73.5073776245117,99.6422882080078,95.1244735717773,55.95853,7,..,5,128.8551,108.3647,..,4.97806,..,5997393,..,12,6,83.12877,9.93984,..,0.1923,6417038
2010,YR2010,Colombia,COL,38.99175,15.83455,15.36488,29.59194,16.41858,45.7999992370605,26.2999992370605,22.8999996185303,22201272,11.6000003814697,28.7609252929688,65.6230697631836,98.0984191894531,93.3723297119141,48.57177,6,113.39394,5,114.91374,109.26523,87.72414,18.36822,100,180760,391648,11,6,95.96435,21.04412,96.22014,2.20741,187124
2010,YR2010,Comoros,COM,8.27455,..,..,..,..,..,..,..,226610,7.09999990463257,42.2043647766113,54.8833885192871,..,..,..,6,..,6,..,..,..,..,..,..,..,12,7,..,..,..,..,..
2010,YR2010,"Congo, Dem. Rep.",ZAR,..,4.90843,15.07091,..,8.91387,..,..,..,24385863,7.19999980926514,45.4643402099609,51.7039184570313,..,..,3.61964,6,63.99845,6,102.68235,121.47407,..,..,91.66748,285640,..,12,6,40.87216,16.48968,..,..,218320
2010,YR2010,"Congo, Rep.",COG,..,11.24503,..,..,29.01836,..,..,..,1677114,7,42.2256660461426,54.367847442627,..,..,11.78777,6,69.36973,6,111.16904,103.76137,87.83214,35.75089,86.77772,14347,77175,12,7,..,..,66.84472,..,..
2010,YR2010,Costa Rica,CRI,..,..,..,..,..,38.2999992370605,37,22,2198391,7.30000019073486,24.9155769348145,68.5843658447266,..,..,71.28717,6,95.90078,6,109.45879,..,..,8.10263,89.48325,29163,..,12,5,99.35968,9.65636,91.94658,..,26676
2010,YR2010,Cote Ivoire,CIV,8.35915,..,..,..,..,..,..,..,7442309,4,41.8125076293945,55.0801773071289,..,..,..,6,..,6,..,..,..,..,..,..,..,12,7,..,..,..,..,..
2010,YR2010,Croatia,HRV,55.83363,..,..,23.2607,9.94571,17.1000003814697,61.7000007629395,21.2000007629395,1949574,11.8000001907349,15.2972078323364,67.1640090942383,..,..,62.31381,7,91.43929,4,92.37661,92.5206,86.21898,0.26814,..,11746,8696,11,8,98.38787,1.46893,99.31428,0.6196,47673
2010,YR2010,Cuba,CUB,95.00228,49.31205,52.11495,62.99303,..,..,..,..,5279845,2.5,17.3148307800293,70.2497177124023,..,..,99.66582,6,98.12439,6,102.49105,97.71063,99.22069,..,100,93414,1369,12,6,89.23651,..,98.29892,0.57779,85476
2010,YR2010,Curacao,CUW,..,..,..,..,..,..,..,..,..,..,19.8326110839844,66.9788589477539,..,..,..,6,..,6,..,..,..,..,..,..,..,12,6,..,..,..,..,..
2010,YR2010,Cyprus,CYP,48.31158,34.12361,40.74865,38.277,15.80333,23.6000003814697,38.7000007629395,37.7999992370605,584478,6.30000019073486,17.7687473297119,70.6635513305664,..,..,79.09064,6,99.31649,6,101.62433,99.54735,98.96982,7.62325,..,3985,386,12,6,91.4408,17.48139,99.41071,1.00293,6526
2010,YR2010,Czech Republic,CZE,63.21222,15.53561,24.31883,22.92819,9.69161,6,76.5,17.5,5239905,7.30000019073486,14.1924905776978,70.429443359375,..,..,102.27268,6,108.92985,5,105.75281,100.95048,..,1.531,..,24769.30078,..,11,8,94.49993,..,98.85755,0.94731,76240.29688
2010,YR2010,Denmark,DNK,73.58181,..,..,..,..,25.7999992370605,41.5,30.2000007629395,2930964,7.5,17.9623737335205,65.3753509521484,..,..,99.88421,7,99.12423,6,99.55399,99.14302,95.86895,13.72873,..,..,15219,13,6,119.50733,13.81958,98.00621,1.49576,..
2010,YR2010,Djibouti,DJI,3.40697,..,..,..,12.4846,..,..,..,281252,..,34.1370162963867,62.1660232543945,..,..,..,6,..,5,..,..,..,..,..,..,..,11,7,..,..,..,..,..
2010,YR2010,Dominica,DMA,..,15.33294,15.49429,..,..,..,..,..,..,..,..,..,..,..,104.88075,5,82.59109,7,108.81134,123.94822,91.78279,35.10691,60.82677,508,282,12,5,96.9341,28.70234,95.6533,13.34144,511
2010,YR2010,Dominican Republic,DOM,..,7.60039,6.80015,..,..,..,..,..,4474281,12.3999996185303,31.1744556427002,62.8222160339355,96.8057479858398,89.5387344360352,37.77098,6,90.83764,6,106.99033,105.91376,88.95049,23.13489,84.85712,51615,101475,12,6,75.4505,21.58023,88.92416,7.09974,32084
2010,YR2010,Ecuador,ECU,..,8.94403,14.82205,..,11.75183,48.9000015258789,23.7999992370605,22.1000003814697,7043271,5,30.9532604217529,62.879077911377,98.652702331543,91.8540420532227,130.59694,6,102.27781,6,114.28083,117.11162,95.3274,26.0191,83.79379,111556,56036,12,6,85.19098,32.66649,96.0172,3.87581,132161
2010,YR2010,"Egypt, Arab Rep.",EGY,33.46806,..,..,..,..,10.3000001907349,37.2999992370605,18.7999992370605,25986819,9,31.5141334533691,62.9938430786133,87.509635925293,72.0478515625,30.78156,6,105.9136,6,112.26042,109.91978,..,..,..,380111,..,12,6,75.86258,..,..,7.62334,..
2010,YR2010,El Salvador,SLV,23.40693,9.8443,11.30593,17.68409,16.16422,52.5999984741211,24.1000003814697,11.1000003814697,2614023,7,32.0867729187012,61.0430526733398,96.0344543457031,84.4927215576172,63.51646,7,95.40685,6,113.21673,112.55176,93.01815,9.66463,..,..,44718,13,6,64.68404,16.13537,92.95233,4.44903,..
2010,YR2010,Equatorial Guinea,GNQ,..,..,..,..,..,..,..,..,365836,7.69999980926514,39.3187255859375,57.7720565795898,..,..,..,7,52.50405,6,87.0697,92.30413,56.56905,50.49553,45.25711,3131,42429,13,6,..,..,85.46442,..,..
2010,YR2010,Eritrea,ERI,2.03361,..,..,..,..,..,..,..,2764038,8.10000038146973,43.0245513916016,54.8607330322266,..,..,11.98753,7,36.00885,5,39.93597,37.44391,29.96262,7.88159,93.81553,7535,492408,12,7,28.57202,4.55414,90.13853,9.26339,6413
2010,YR2010,Estonia,EST,71.65114,25.49501,31.85088,23.8429,12.71706,9.80000019073486,54.9000015258789,35.2999992370605,691625,16.8999996185303,15.4002246856689,67.1185836791992,..,..,89.59302,7,96.22536,6,98.44948,98.59379,94.83834,4.07237,..,6223,2112,13,6,109.11432,3.31372,98.56003,3.08957,10881
2010,YR2010,Ethiopia,ETH,..,19.17028,10.3886,24.63844,24.35036,..,..,..,40607803,5.40000009536743,44.4283981323242,52.2660980224609,..,..,..,7,..,6,..,..,..,10.81652,39.36257,252232,..,13,6,..,14.38738,82.21695,9.39208,97660
2010,YR2010,Faeroe Islands,FRO,..,..,..,..,..,..,..,..,..,..,..,..,..,..,..,..,..,..,..,..,..,..,..,..,..,..,..,..,..,..,..,..
2010,YR2010,Fiji,FJI,..,..,..,..,..,..,..,..,335875,8.60000038146973,29.0367069244385,66.1348037719727,..,..,..,6,..,6,..,..,..,..,..,..,..,12,7,..,..,..,..,..
2010,YR2010,Finland,FIN,94.05499,21.06441,36.53195,38.52911,12.27228,16,46.7999992370605,37.2999992370605,2700262,8.39999961853027,16.5065517425537,66.3605575561523,..,..,68.08472,7,97.96482,6,99.06037,98.70857,97.79507,1.49398,..,24736,7384,13,6,107.19956,8.30962,99.80337,0.32744,43076
2010,YR2010,France,FRA,56.06344,18.70497,29.24319,38.43987,10.36709,24.2000007629395,44.2000007629395,31.7000007629395,29836224,9.30000019073486,18.3531227111816,64.8432312011719,..,..,109.7847,6,..,5,108.08264,..,98.53181,14.82698,..,234098,30412,11,7,109.96399,26.1683,..,5.5291,463172
2010,YR2010,French Polynesia,PYF,..,..,..,..,..,..,..,..,113845,..,23.7539405822754,69.4913558959961,..,..,..,..,..,..,..,..,..,..,..,..,..,..,..,..,..,..,..,..
2010,YR2010,Gabon,GAB,..,..,..,..,..,..,..,..,573957,20.3999996185303,38.6332397460938,56.0402069091797,..,..,..,6,..,5,..,..,..,..,..,..,..,11,7,..,..,..,..,..
2010,YR2010,"Gambia, The",GMB,2.17309,19.92524,13.13974,208.40518,17.13731,..,..,..,704582,7.69999980926514,45.9749870300293,51.5012741088867,..,..,29.84055,7,73.7811,6,85.1533,94.58034,67.53278,25.70465,..,..,76783,13,6,57.48794,..,84.50052,3.265,..
2010,YR2010,Georgia,GEO,28.26323,..,..,..,..,8,60.2000007629395,31.2000007629395,2356831,16.2999992370605,17.2981185913086,68.4844665527344,..,..,..,6,115.74944,6,109.2687,101.3013,..,8.73773,..,..,..,12,6,..,..,..,0.15922,..
2010,YR2010,Germany,DEU,..,18.26395,24.69563,..,10.64475,14.8999996185303,58.5,26.5,41990452,7.09999990463257,13.4105339050293,65.7811431884766,..,..,110.05827,6,101.10327,4,101.51912,99.66166,97.6079,4.10954,..,241845,8651,10,9,101.56352,8.48007,..,2.27102,593815
2010,YR2010,Ghana,GHA,..,..,..,..,21.24422,..,..,..,10204903,3.59999990463257,38.9554481506348,57.4982070922852,85.7161483764648,71.4970779418945,..,6,..,6,..,..,..,..,..,..,..,12,7,..,..,..,..,..
2010,YR2010,Greece,GRC,..,..,..,..,..,33.0999984741211,40.0999984741211,26.7999992370605,5148705,12.5,14.5140333175659,66.4959030151367,..,..,76.45285,6,100.27246,6,102.87343,105.08313,99.54996,7.23688,..,..,2787,12,6,110.79568,4.81119,97.88571,2.40583,..
2010,YR2010,Greenland,GRL,..,..,..,..,..,..,..,..,..,..,..,..,..,..,..,..,..,..,..,..,..,..,..,..,..,..,..,..,..,..,..,..
2010,YR2010,Grenada,GRD,..,..,..,..,..,..,..,..,..,..,27.5103416442871,65.2435607910156,..,..,98.56115,5,111.53277,7,103.37444,105.87906,..,77.30367,65.3349,851,..,12,5,107.79903,62.26957,..,8.76923,744
2010,YR2010,Guam,GUM,..,..,..,..,..,..,..,..,72244,..,27.5025081634521,65.232063293457,..,..,..,6,..,8,..,..,..,..,..,..,..,..,..,..,..,..,..,..
2010,YR2010,Guatemala,GTM,..,8.41642,5.50289,..,19.29692,43.7999992370605,28.1000003814697,6.59999990463257,5652626,3.5,41.5218658447266,54.0597229003906,..,..,66.8141,7,85.88823,6,116.47943,112.04226,96.02659,10.16928,..,98763,39924,13,5,64.59125,62.49686,88.71989,2.58283,77412
2010,YR2010,Guinea,GIN,10.2789,10.74842,..,147.67587,12.43832,..,..,..,4463776,3.09999990463257,42.8380012512207,53.9936294555664,31.4064159393311,25.3077449798584,12.63432,7,58.49805,6,86.35974,95.59349,70.39832,27.42152,..,34451,470407,13,7,..,..,58.74527,15.77629,..
2010,YR2010,Guinea-Bissau,GNB,..,..,..,..,..,..,..,..,673823,7.40000009536743,41.9029350280762,55.1440658569336,..,..,6.55222,7,63.97997,6,116.2216,156.85733,69.77422,27.68834,38.9313,5371,70083,13,5,..,..,..,13.14177,..
2010,YR2010,Guyana,GUY,11.49131,8.42744,11.9288,19.19028,11.83872,41.5,38.2000007629395,19.1000003814697,300412,21,37.5583572387695,59.1906394958496,..,..,61.18037,6,90.66623,6,82.67259,73.53235,78.57066,5.02413,66.06301,4031,21615,12,5,99.39385,6.23482,..,10.36149,3766
2010,YR2010,Haiti,HTI,..,..,..,..,..,..,..,..,4119763,8.30000019073486,36.151985168457,59.3869285583496,..,..,..,6,..,6,..,..,..,..,..,..,..,12,7,..,..,..,..,..
2010,YR2010,Honduras,HND,20.5588,18.26212,..,39.91672,..,..,..,..,2996159,4.80000019073486,36.7950782775879,58.9012832641602,95.1506881713867,84.7553634643555,43.64574,6,98.19079,6,115.3056,122.27904,95.84464,9.29584,..,..,45945,12,5,73.23996,24.64924,..,..,..
2010,YR2010,"Hong Kong SAR, China",HKG,57.83573,14.69748,17.50433,25.91726,19.46855,27.2000007629395,41.0999984741211,23.6000003814697,3671854,4.30000019073486,12.1439714431763,74.9592208862305,..,..,..,6,..,6,97.67381,101.28679,90.51899,15.76019,95.60564,22984,17704,12,7,87.17955,16.89814,99.76276,5.09888,..
2010,YR2010,Hungary,HUN,60.37749,22.51983,21.81015,25.32003,9.80386,13.6000003814697,63.7999992370605,22.7000007629395,4310481,11.1999998092651,14.6441316604614,68.6349563598633,..,..,85.01485,7,98.63688,4,102.09818,101.09747,93.1873,8.70405,..,36675,5814,11,8,99.94963,12.86382,98.16602,..,88749
2010,YR2010,Iceland,ISL,78.47237,26.46607,21.13623,28.7407,15.87645,38.5,33.2000007629395,28.1000003814697,187373,7.59999990463257,20.9198780059814,66.9345550537109,..,..,97.37874,6,97.73088,7,98.83674,98.98225,98.74983,2.00216,..,..,356,13,7,109.45431,12.28981,99.7507,..,..
2010,YR2010,India,IND,18.22679,7.19477,13.56898,68.7199,10.50434,14.3999996185303,35.5,9.80000019073486,466390538,3.5,30.1722812652588,64.7598342895508,..,..,55.75179,6,..,5,113.4671,121.52596,93.9477,..,..,..,875082,11,7,65.07206,..,88.61676,..,4251657
2010,YR2010,Indonesia,IDN,24.88563,10.55644,8.77396,23.13342,16.42176,..,..,..,114503985,7.09999990463257,29.8290748596191,65.1613464355469,..,..,40.37168,7,102.74955,6,109.92465,112.17804,94.89798,16.8167,..,1899946,567575,13,6,78.42631,41.83039,89.27205,0.54746,1640533
2010,YR2010,"Iran, Islamic Rep.",IRN,43.08077,13.73117,20.9662,17.64525,17.10466,..,..,..,25082654,13.5,23.6167049407959,71.2239074707031,..,..,41.9004,6,104.36761,5,106.3008,105.93369,99.68096,7.22801,..,..,11891,11,7,81.1286,10.52732,96.74958,4.96652,..
2010,YR2010,Iraq,IRQ,..,..,..,..,..,..,..,..,7642667,15.1999998092651,41.2292366027832,55.3997383117676,..,..,..,6,..,6,..,..,..,..,..,..,..,12,6,..,..,..,..,..
2010,YR2010,Ireland,IRL,70.60624,20.38951,29.35728,33.45943,9.79528,20.7000007629395,37,39,2184327,13.8999996185303,21.3460102081299,67.3368759155273,..,..,47.52478,5,..,8,105.70039,101.80238,95.19409,0.65107,..,32043,1101,13,5,121.15617,0.71746,..,1.67324,..
2010,YR2010,Isle of Man,IMY,..,..,..,..,..,..,..,..,..,..,..,..,..,..,..,..,..,..,..,..,..,..,..,..,..,..,..,..,..,..,..,..
2010,YR2010,Israel,ISR,..,21.73452,15.43641,19.96683,13.25551,..,..,..,3178473,6.59999990463257,27.2381362915039,62.326976776123,..,..,97.23679,6,101.5966,6,104.13832,106.47051,97.05024,21.64464,..,61830,20236,12,6,101.94803,10.5167,98.81225,2.00643,..
2010,YR2010,Italy,ITA,64.26893,24.08935,25.25909,25.7882,8.93009,36.5,46.5,17,24560253,8.39999961853027,14.0399789810181,65.6673431396484,..,..,98.38002,6,102.20829,5,101.06272,99.50585,97.72792,6.89103,..,..,17121,11,8,100.2752,8.35894,99.63093,4.16325,..
2010,YR2010,Jamaica,JAM,28.93489,21.07242,23.98166,52.27613,17.09755,..,..,..,1210570,12.3999996185303,29.0396633148193,63.1167793273926,..,..,..,6,..,6,..,..,..,12.01964,..,..,..,12,5,91.04263,5.14881,87.94769,1.186,18222
2010,YR2010,Japan,JPN,58.07908,23.71945,24.32048,25.25403,9.45758,..,..,..,66420609,5,13.2864475250244,63.7514038085938,..,..,88.21641,6,100.60076,6,102.1995,102.35258,99.97144,1.10323,..,399424,1984,12,6,101.61613,19.13178,..,..,613851
2010,YR2010,Jordan,JOR,40.43267,22.49919,21.9739,..,..,49.0999984741211,23.1000003814697,26.2999992370605,1660162,12.5,35.0854606628418,61.5170936584473,98.7623519897461,92.5510406494141,33.64969,6,..,6,98.78912,102.78016,97.35478,33.0944,..,..,21409,12,6,89.9106,18.58345,98.02567,..,..
2010,YR2010,Kazakhstan,KAZ,39.49354,..,..,..,..,..,..,..,8762646,5.80000019073486,24.9126148223877,68.4362258911133,..,..,..,7,103.07042,4,104.5738,102.97517,87.46111,0.86156,..,58957,23720,11,7,96.12847,0.7852,99.93803,0.07439,183328
2010,YR2010,Kenya,KEN,..,..,..,..,23.70703,..,..,..,15624744,9.30000019073486,42.5658340454102,54.8191375732422,..,..,..,6,..,6,..,..,..,..,..,..,..,12,6,..,..,..,..,..
2010,YR2010,Kiribati,KIR,..,..,..,..,..,..,..,..,..,..,33.5931968688965,62.553840637207,..,..,..,6,..,6,..,..,..,..,..,..,..,12,6,..,..,..,..,..
2010,YR2010,"Korea, Dem. Rep.",PRK,..,..,..,..,..,..,..,..,14816743,4.40000009536743,22.6659564971924,68.5563125610352,..,..,..,7,..,4,..,..,..,..,..,..,..,11,6,..,..,..,..,..
2010,YR2010,"Korea, Rep.",KOR,100.95611,..,..,..,..,..,..,..,24955231,3.70000004768372,16.242015838623,72.6801681518555,..,..,119.03125,6,100.02729,6,103.24181,104.10058,98.61965,1.43546,..,158056,34670,12,6,97.10943,31.59676,99.97897,..,224503
2010,YR2010,Kosovo,KSV,..,..,..,..,..,..,..,..,..,..,27.4774774774775,65.8783783783784,..,..,..,..,..,..,..,..,..,..,..,..,..,..,..,..,..,..,..,..
2010,YR2010,Kuwait,KWT,..,..,..,..,..,..,..,..,1512542,1.60000002384186,25.2071475982666,72.6464920043945,..,..,..,6,..,5,..,..,..,39.18394,..,25520,..,11,7,..,31.51574,..,5.62732,..
2010,YR2010,Kyrgyz Republic,KGZ,42.13335,..,..,18.87649,15.99366,..,..,..,2530521,8.60000038146973,30.0459880828857,65.5234527587891,..,..,19.09141,7,96.55634,4,99.56221,105.15093,87.44792,0.81492,68.4132,16089,18551,11,7,83.98433,1.2582,98.12832,0.08727,43672
2010,YR2010,Lao PDR,LAO,16.08795,..,..,..,13.21836,..,..,..,3134095,1.39999997615814,36.7702407836914,59.4951477050781,..,..,20.42411,6,82.92388,5,123.18994,131.30917,94.35043,3.46039,95.40306,31782,42024,11,6,44.83939,2.69049,81.45559,1.31187,21498
2010,YR2010,Latvia,LVA,70.55192,26.43545,27.48354,14.88611,11.55812,11.3000001907349,60.7999992370605,27.7999992370605,1062383,18.7000007629395,14.1548585891724,67.4730987548828,..,..,87.36015,7,96.32557,6,106.0313,106.14716,97.34688,1.08804,..,9566,2007,13,6,98.51402,1.39101,95.97939,3.79741,16375
2010,YR2010,Lebanon,LBN,47.7966,..,..,9.74628,5.49027,..,..,..,1546710,8.89999961853027,23.7055568695068,67.844841003418,..,..,82.52844,6,86.77124,6,103.40318,104.96932,90.64751,72.72259,..,32649,34930,12,6,74.34973,59.56981,86.27387,10.09393,42858
2010,YR2010,Lesotho,LSO,..,..,..,..,..,..,..,..,821813,24,37.640007019043,58.0828704833984,..,..,35.73169,6,73.11375,7,110.46938,107.30985,78.49223,0.67665,63.382,11508,73832,13,5,50.40481,0.94259,74.05991,13.68941,5139
2010,YR2010,Liberia,LBR,9.29885,..,..,..,..,..,..,..,1372283,3.70000004768372,43.3476829528809,53.5807838439941,..,..,..,6,..,6,..,..,..,..,..,..,..,12,6,..,..,..,..,..
2010,YR2010,Libya,LBY,..,..,..,..,..,..,..,..,2271617,8.60000038146973,29.4451293945313,65.9806671142578,..,..,..,6,..,6,..,..,..,..,..,..,..,12,6,..,..,..,..,..
2010,YR2010,Liechtenstein,LIE,36.01831,..,..,..,..,..,..,..,..,..,..,..,..,..,103.7448,7,111.05398,5,105.45918,111.48825,93.53901,4.30576,..,337,16,12,7,108.87928,4.06231,99.76852,0,..
2010,YR2010,Lithuania,LTU,80.75075,22.90964,21.95876,19.63972,12.87007,6,58.5,35.5,1543795,17.7999992370605,15.2321186065674,69.2646179199219,..,..,77.8103,7,105.33099,4,101.52379,97.13199,95.93831,0.81661,..,9531,1333,11,8,106.68175,1.09622,98.57168,0.94129,38800
2010,YR2010,Luxembourg,LUX,18.20522,24.80008,20.33723,..,..,19,39.9000015258789,37.2000007629395,237978,4.40000009536743,17.6441516876221,68.3635101318359,..,..,88.89337,6,83.99609,6,97.24195,99.28838,92.43057,8.55714,..,3786,1837,12,7,100.95649,17.71676,..,8.26789,5007
2010,YR2010,"Macao SAR, China",MAC,61.79196,..,..,22.89672,..,..,..,..,332225,2.79999995231628,12.7225389480591,80.0761642456055,..,..,..,6,..,6,..,..,..,97.20445,84.71782,1577,..,12,6,93.79632,95.35608,93.07023,11.46383,2355
2010,YR2010,"Macedonia, FYR",MKD,37.07479,..,..,..,..,27.6000003814697,53.7999992370605,18.7000007629395,965067,32,17.4332237243652,70.915641784668,..,..,24.56286,6,..,5,90.09118,96.17584,88.02027,..,..,6949,2143,11,8,81.91132,1.08279,..,0.75715,16537
2010,YR2010,Madagascar,MDG,3.73883,..,..,..,..,..,..,..,10616976,3.59999990463257,43.4086761474609,53.7449226379395,..,..,8.59978,6,70.54542,5,144.57732,179.37946,..,17.69495,90.36178,105673,..,11,7,..,..,69.66631,8.7354,..
2010,YR2010,Malawi,MWI,0.7172,6.45762,22.09626,1837.41028,11.6081,..,..,..,6760710,7.59999990463257,45.8119239807129,51.115535736084,72.1395645141602,61.3097229003906,..,6,67.69316,6,137.6889,157.39371,..,..,95.91278,43110,..,12,6,32.65241,..,75.57393,10.21864,16011
2010,YR2010,Malaysia,MYS,37.13453,14.0294,18.64887,46.9624,18.40623,16.5,55.7000007629395,24.2000007629395,12084841,3.40000009536743,27.6833915710449,67.4766006469727,98.4187164306641,93.1178817749023,77.68389,6,..,6,..,..,..,0.96996,..,231683,..,12,7,66.88074,4.48711,99.69577,..,190581
2010,YR2010,Maldives,MDV,..,..,..,..,..,..,..,..,149841,11.6999998092651,29.9747619628906,65.015625,..,..,..,6,..,7,..,..,..,3.7987,76.95725,3602,..,13,5,..,..,..,..,..
2010,YR2010,Mali,MLI,6.51419,12.84672,28.5825,146.78978,18.8813,..,..,..,4888584,8.10000038146973,46.7983055114746,50.3021583557129,44.3017082214355,31.0997543334961,3.51061,7,61.71546,6,90.31071,87.28554,69.59055,39.82421,..,40052,583075,13,6,42.43341,32.05299,79.22462,17.11073,..
2010,YR2010,Malta,MLT,36.48112,24.82125,35.23689,60.29184,16.05694,50.0999984741211,31.2000007629395,18.7999992370605,177671,6.90000009536743,15.6237487792969,69.8875579833984,..,..,111.17639,5,90.75133,6,95.23537,99.48914,..,40.53232,..,1748,..,11,7,99.04851,28.94546,97.30031,2.49857,..
2010,YR2010,Marshall Islands,MHL,..,..,..,..,..,..,..,..,..,..,..,..,..,..,..,6,..,6,..,..,..,..,..,..,..,12,6,..,..,..,..,..
2010,YR2010,Mauritania,MRT,4.37943,13.75316,32.36316,198.71342,15.24399,..,..,..,1150035,31.1000003814697,40.555908203125,56.3045043945313,..,..,..,6,..,6,97.10858,99.75016,70.50849,11.40985,100,14303,159589,12,7,20.32665,27.1791,..,..,..
2010,YR2010,Mauritius,MUS,34.72646,10.75127,19.4113,13.11863,14.57315,..,..,..,592814,7.69999980926514,21.1580944061279,71.1075134277344,..,..,110.39387,5,103.55147,6,107.24873,104.91859,97.32474,27.50358,100,5472,2929,11,7,93.18854,57.23138,70.55299,12.02056,8323
2010,YR2010,Mexico,MEX,26.73939,14.83479,15.91582,42.43877,19.43997,..,..,..,50387831,5.19999980926514,30.0446815490723,63.9725723266602,98.4345169067383,93.0689392089844,98.13061,6,92.65685,6,103.50413,101.77646,94.7598,8.23478,95.58591,529599,524757,12,6,83.66229,13.6451,95.8942,1.51128,652140
2010,YR2010,"Micronesia, Fed. Sts.",FSM,..,..,..,..,..,..,..,..,..,..,36.8996047973633,59.2545776367188,..,..,..,6,..,6,..,..,..,..,..,..,..,12,6,..,..,..,..,..
2010,YR2010,Moldova,MDA,38.14536,41.41951,39.35366,44.82439,22.3361,20.8999996185303,55.5999984741211,22.7999992370605,1216976,7.40000009536743,16.6704730987549,72.1729278564453,..,..,75.50635,7,91.9797,4,93.54078,97.37023,87.59101,0.87608,..,9160,14936,11,7,87.98113,1.26943,98.12576,0,29299
2010,YR2010,Monaco,MCO,..,4.07631,6.12245,..,..,..,..,..,..,..,..,..,..,..,..,6,..,5,..,..,..,22.41758,..,..,..,11,7,..,21.74058,..,..,..
2010,YR2010,Mongolia,MNG,53.81167,14.34377,17.82008,5.8901,14.71114,30.6000003814697,46.7999992370605,20.1000003814697,1214701,6.5,26.9532470703125,69.2326736450195,98.4602432250977,98.2570037841797,78.46776,6,114.04833,5,125.67478,115.42285,98.62293,4.92981,97.57174,9060,2234,11,6,91.57522,7.20479,98.90453,0.02297,19043
2010,YR2010,Montenegro,MNE,55.53195,..,..,..,..,21.7000007629395,55.7999992370605,21.2000007629395,253685,19.7000007629395,19.4651317596436,68.0715942382813,..,..,32.75049,7,..,4,111.15524,102.00573,..,..,..,..,..,11,8,98.57139,0.19248,..,..,..
2010,YR2010,Morocco,MAR,14.3189,..,..,..,..,43,11.1999998092651,9.10000038146973,11371616,9.10000038146973,28.1241035461426,66.8569946289063,..,..,58.72132,6,83.89965,6,111.67175,111.14296,93.94116,10.80928,100,150367,197977,12,6,62.46103,..,82.24583,15.8157,..
2010,YR2010,Mozambique,MOZ,..,..,..,..,..,..,..,..,11095305,7.5,45.3440589904785,51.4220809936523,..,..,..,6,60.30001,7,111.7325,155.28181,89.19447,1.6724,75.94308,90236,503773,13,5,25.31452,11.89876,50.3511,12.93432,19690
2010,YR2010,Myanmar,MMR,..,..,..,..,..,..,..,..,30137771,4.19999980926514,26.0713348388672,68.8354949951172,..,..,9.14261,5,94.9661,5,114.16489,136.56503,..,..,99.86018,181666,..,10,6,50.20602,..,..,1.21086,83703
2010,YR2010,Namibia,NAM,..,17.63263,..,..,23.68126,24.8999996185303,53.9000015258789,8.60000038146973,831057,22.1000003814697,37.6797828674316,58.8712005615234,..,..,..,7,81.23382,7,107.48468,96.36017,85.64165,4.90462,96.38881,13652,50585,14,5,..,..,..,14.80783,..
2010,YR2010,Nepal,NPL,14.36489,..,..,35.39292,22.72593,..,..,..,14098188,2.70000004768372,37.1077690124512,57.9700012207031,..,..,69.7,5,..,5,141.05373,155.46989,..,13.1544,73.6609,153536,..,10,7,60.43873,..,..,5.62474,83630
2010,YR2010,Netherlands,NLD,64.32605,18.66416,27.40095,42.81073,11.74196,26.1000003814697,41.9000015258789,31.3999996185303,8854921,4.5,17.5023498535156,67.0553512573242,..,..,..,6,..,6,108.55029,98.34303,99.67809,..,..,..,1283,12,6,121.97543,..,..,5.32189,107433
2010,YR2010,New Caledonia,NCL,..,..,..,..,..,..,..,..,108407,..,23.5222969055176,66.9687728881836,..,..,..,6,..,5,..,..,..,..,..,..,..,..,..,..,..,..,..,..
2010,YR2010,New Zealand,NZL,82.55537,21.69136,23.3606,31.09931,19.47547,..,..,..,2351136,6.5,20.4891738891602,66.5050048828125,..,..,93.08026,5,..,6,101.22136,..,99.31209,2.08441,..,24053,1833,11,7,119.08271,19.48535,..,..,35322
2010,YR2010,Nicaragua,NIC,..,11.47746,7.57534,..,..,37.7000007629395,34.7999992370605,12.8999996185303,2390843,8,34.5068855285645,60.9176864624023,..,..,54.96525,6,80.36277,6,116.73573,141.0296,91.82131,15.55343,74.8618,30571,53792,12,5,68.90856,21.83357,..,5.66721,15089
2010,YR2010,Niger,NER,1.49683,20.95789,41.17391,436.25812,18.10404,..,..,..,5159586,5.09999990463257,49.8253517150879,47.5920791625977,..,..,4.14831,7,40.88278,6,64.7819,93.59188,55.85196,3.83127,96.69425,44710,1146739,13,7,13.83124,..,61.53117,18.3086,9945
2010,YR2010,Nigeria,NGA,..,..,..,..,..,..,..,..,49706564,7.59999990463257,44.0225791931152,53.2488021850586,..,..,13.39122,6,76.00015,6,84.80488,89.29981,63.90199,7.9665,66.1485,574078,8709243,12,6,43.82914,21.53159,..,..,273781
2010,YR2010,Northern Mariana Islands,MNP,..,..,..,..,..,..,..,..,..,..,..,..,..,..,..,..,..,..,..,..,..,..,..,..,..,..,..,..,..,..,..,..
2010,YR2010,Norway,NOR,72.79106,21.12718,27.28205,44.29483,15.30606,19.8999996185303,43.5,35.7999992370605,2608240,3.59999990463257,18.8030433654785,66.1853561401367,..,..,98.56774,6,99.37431,7,98.8775,100.11342,98.8775,2.30656,..,..,4814,13,6,113.08164,7.89846,99.79966,..,..
2010,YR2010,Oman,OMN,24.74616,..,..,..,..,..,..,..,1216740,8.30000019073486,27.4045162200928,70.0860748291016,97.7437286376953,86.9389953613281,..,6,..,6,..,..,..,..,..,..,..,12,6,..,..,..,..,..
2010,YR2010,Pakistan,PAK,..,..,..,..,10.89801,..,..,..,60365514,5.09999990463257,35.4383850097656,60.2393379211426,71.2596206665039,55.3751907348633,..,5,66.92795,5,94.80907,118.35435,73.95107,30.74941,84.2262,463674,5153334,10,7,34.07078,31.31665,72.56049,2.91834,..
2010,YR2010,Palau,PLW,..,..,..,..,..,..,..,..,..,..,..,..,..,..,..,6,..,5,..,..,..,..,..,..,..,11,7,..,..,..,..,..
2010,YR2010,Panama,PAN,43.91579,..,..,..,..,25.2000007629395,47,24.3999996185303,1702864,6.5,29.3175220489502,63.9162368774414,97.6385345458984,94.094123840332,63.20431,6,92.01397,6,102.1672,96.66671,92.94477,11.45047,91.63021,18746,27756,12,6,70.30487,16.39293,97.18785,6.03714,18501
2010,YR2010,Papua New Guinea,PNG,..,..,..,..,..,..,..,..,3026382,2.40000009536743,39.0564308166504,58.1657524108887,..,..,..,7,..,6,..,..,..,..,..,..,..,13,6,..,..,..,..,..
2010,YR2010,Paraguay,PRY,34.51367,11.16627,15.67804,20.03378,..,56.7000007629395,27.3999996185303,13.3999996185303,3000885,5.69999980926514,33.5403022766113,61.2908515930176,98.6104507446289,93.8709182739258,35.39128,6,90.75801,6,97.47693,96.03064,83.49018,18.29413,..,..,136944,12,6,67.76568,21.6221,91.85252,1.00198,..
2010,YR2010,Peru,PER,42.63866,8.33514,10.15484,9.01023,13.53822,..,..,..,15569177,4,29.9939270019531,64.0118255615234,..,..,78.4268,6,99.04503,6,107.25083,105.30784,94.70826,22.06504,..,191177,92147,12,5,90.92148,24.3133,92.2758,5.60945,167262
2010,YR2010,Philippines,PHL,..,..,..,..,..,..,..,..,39126595,7.30000019073486,35.2835235595703,61.0009613037109,..,..,..,6,..,6,..,..,..,..,..,..,..,12,4,..,..,..,..,..
2010,YR2010,Poland,POL,73.52072,27.41772,24.6695,20.92867,11.3843,8.10000038146973,65.5999984741211,26.2999992370605,18141020,9.60000038146973,15.0091724395752,71.4637756347656,..,..,70.01499,7,95.36474,6,98.29265,100.68623,96.30079,2.83842,..,239888,80862,13,6,97.2222,4.14794,98.39656,2.5154,273368
2010,YR2010,Portugal,PRT,65.94793,21.86409,36.31416,31.2387,10.92061,65.1999969482422,18.6000003814697,16.2000007629395,5553291,10.8000001907349,15.1489095687866,66.8363265991211,..,..,83.26364,6,..,6,112.09861,101.39736,99.13009,11.80617,..,67734,4556,12,6,109.71296,16.07547,..,..,98089
2010,YR2010,Puerto Rico,PRI,86.34675,..,..,..,..,..,..,..,1299227,16.2000007629395,20.4689846038818,66.5333099365234,98.8341751098633,91.9652328491211,97.70955,6,..,6,94.7421,..,87.2505,22.57678,..,25708,39342,12,6,82.96937,21.27798,..,..,26161
2010,YR2010,Qatar,QAT,9.99581,..,..,..,..,..,..,..,1304192,0.400000005960464,13.7297945022583,85.1696243286133,96.8201599121094,96.2837371826172,..,6,..,6,..,..,..,55.46814,..,7374,..,12,6,104.28967,38.60339,99.82992,..,6938
2010,YR2010,Romania,ROM,56.7765,13.90702,14.00914,20.33674,9.12913,24.7999992370605,59.5,15.6999998092651,9653136,7.30000019073486,15.0139446258545,70.149528503418,..,..,77.37573,7,94.37272,4,96.72569,93.7283,88.35302,0.33162,..,52272,..,11,8,94.90949,1.8376,97.80749,1.96419,146017
2010,YR2010,Russian Federation,RUS,..,..,..,..,..,..,..,..,76318532,7.30000019073486,14.9207572937012,71.9787139892578,99.709602355957,99.6842651367188,..,7,..,4,..,..,..,..,..,..,..,11,7,..,..,..,..,..
2010,YR2010,Rwanda,RWA,5.77162,8.41717,37.97904,191.04373,20.75096,..,..,..,5166605,0.600000023841858,44.690502166748,53.0211982727051,77.3446273803711,65.8522720336914,10.83032,7,52.80713,6,122.19804,180.05099,88.57374,2.15324,91.47908,35583,215001,13,6,30.14345,24.24604,..,..,..
2010,YR2010,Samoa,WSM,..,..,..,..,..,..,..,..,49146,..,38.2752151489258,56.6734237670898,..,..,35.51289,5,106.48661,6,110.75593,123.89583,95.36435,16.44262,..,1021,902,11,7,87.65932,..,93.84552,2.70405,1211
2010,YR2010,San Marino,SMR,64.84429,..,..,..,10.05479,..,..,..,..,..,..,..,..,..,92.89568,6,101.23839,5,94.37463,87.06897,92.20281,..,..,244,98,11,8,97.2095,..,98.8024,0,161
2010,YR2010,Sao Tome and Principe,STP,4.20417,..,..,..,19.32359,..,..,..,62368,..,41.5798873901367,54.8045196533203,..,..,39.50285,6,88.47593,6,128.14209,108.91798,98.47309,0,..,1297,339,12,5,52.08398,0,67.75454,32.83084,..
2010,YR2010,Saudi Arabia,SAU,37.33879,..,..,..,..,..,..,..,9725111,5.5,30.7232990264893,66.3023223876953,..,..,10.60598,6,..,6,100.91447,99.23664,91.91023,9.18323,..,297737,265333,12,6,110.21835,..,..,1.45526,..
2010,YR2010,Senegal,SEN,7.62999,16.9638,28.95459,193.47615,20.72318,..,..,..,5569562,9.89999961853027,43.6352195739746,53.2719421386719,..,..,12.64929,7,57.89255,6,84.41316,99.44946,73.3892,13.98785,47.85285,50369,485247,13,7,36.41169,20.97564,91.69945,15.90685,..
2010,YR2010,Serbia,SRB,49.08272,57.63979,14.01155,45.64538,10.52828,15.8000001907349,58.9000015258789,19.2000007629395,3145853,19.2000007629395,16.8699760437012,69.3904266357422,..,..,52.70153,7,96.44893,4,95.89576,91.32765,92.74722,0.08476,..,17314,16133,11,8,91.42763,0.469,99.43445,1.30474,61541
2010,YR2010,Seychelles,SYC,..,..,..,..,..,..,..,..,..,..,22.3105430603027,70.0947265625,..,..,109.80172,6,105.22496,6,106.22396,106.99405,..,8.82353,..,691,..,12,5,101.71204,7.02263,96.62069,..,592
2010,YR2010,Sierra Leone,SLE,..,..,..,..,12.80191,..,..,..,2232543,3.40000009536743,42.1557388305664,55.2770729064941,..,..,..,6,..,6,..,..,..,..,..,..,..,12,6,..,..,..,..,..
2010,YR2010,Singapore,SGP,..,11.1693,17.00082,27.88367,18.30646,22.2000007629395,50.0999984741211,27.6000003814697,2819903,3.09999990463257,17.3422985076904,73.6465225219727,99.751823425293,95.8573303222656,..,6,..,6,..,..,..,..,..,..,..,12,4,..,..,..,..,..
2010,YR2010,Sint Maarten (Dutch part),SXM,..,..,..,..,..,..,..,..,..,..,..,..,..,..,..,6,..,6,..,..,..,..,..,..,..,12,5,..,..,..,..,..
2010,YR2010,Slovak Republic,SVK,55.99003,22.17764,19.47527,19.08774,10.56442,6.09999990463257,75.6999969482422,18.2999992370605,2699760,14.3999996185303,15.1270551681519,72.5656890869141,..,..,91.08127,6,100.85403,4,102.87977,97.20673,..,5.95092,..,13938,..,10,9,92.77569,9.62111,97.40301,1.55886,45689
2010,YR2010,Slovenia,SVN,88.46797,31.13251,31.26359,24.41751,12.08019,13.8999996185303,60.5999984741211,25.5,1044577,7.19999980926514,14.0131692886353,69.3265380859375,..,..,87.82846,6,96.51532,6,98.21819,96.31459,97.16326,0.38079,..,6281,2988,12,7,97.7601,1.4846,98.98824,1.08467,..
2010,YR2010,Solomon Islands,SLB,..,..,..,..,17.47849,..,..,..,207100,4.40000009536743,40.754150390625,55.9532127380371,..,..,49.922,6,85.14482,6,143.72113,124.48587,..,24.87267,57.96617,4789,..,12,7,48.63249,34.00997,85.07514,..,1415
2010,YR2010,Somalia,SOM,..,..,..,..,..,..,..,..,2827676,7.59999990463257,47.6927108764648,49.4851531982422,..,..,..,6,..,6,..,..,..,..,..,..,..,12,6,..,..,..,..,..
2010,YR2010,South Africa,ZAF,..,17.83798,20.08922,..,18.12916,40.9000015258789,31.1000003814697,15.6999998092651,18352042,24.7000007629395,29.7112236022949,65.0632629394531,98.6441268920898,92.8773193359375,..,7,..,7,..,..,..,..,..,..,..,14,5,..,..,..,..,..
2010,YR2010,South Sudan,SSD,..,..,..,..,..,..,..,..,..,..,42.8364372253418,53.7574691772461,..,..,..,..,..,..,..,..,..,..,..,..,..,..,..,..,..,..,..,..
2010,YR2010,Spain,ESP,78.08628,21.784,26.93483,28.93854,10.73089,43.2999992370605,23.7000007629395,33.0999984741211,23457625,20.2000007629395,14.9269962310791,67.9689865112305,99.5946350097656,97.748893737793,126.28476,6,103.30962,6,105.47834,100.78349,99.70552,32.79532,..,219409,6448,12,6,124.63087,27.67525,..,12.23536,294775
2010,YR2010,Sri Lanka,LKA,16.04246,5.90962,8.55944,25.49269,8.60566,..,..,..,8505489,4.90000009536743,25.1221332550049,67.1108627319336,98.1579284667969,91.1813583374023,86.2934,5,98.93804,5,99.04985,96.38631,94.30483,2.78898,82.11015,71957,96984,10,8,97.21854,6.44115,97.88939,0.65649,..
2010,YR2010,St. Kitts and Nevis,KNA,..,..,..,..,..,..,..,..,..,..,..,..,..,..,90.01068,5,88.77339,7,93.46981,77.76596,83.18888,21.6307,61.62528,443,936,12,5,97.51075,4.08447,..,3.08656,465
2010,YR2010,St. Lucia,LCA,12.49288,15.80873,20.73305,16.96923,13.02326,..,..,..,91492,..,25.2540912628174,66.2716979980469,..,..,59.71374,5,89.62444,7,92.27527,88.80083,86.2603,4.56295,86.7745,1051,2579,12,5,95.20894,2.82824,95.13605,0.3965,1020
2010,YR2010,St. Martin (French part),MAF,..,..,..,..,..,..,..,..,..,..,..,..,..,..,..,..,..,..,..,..,..,..,..,..,..,..,..,..,..,..,..,..
2010,YR2010,St. Vincent and the Grenadines,VCT,..,16.08929,17.81423,..,15.48563,..,..,..,53907,..,26.5075569152832,66.7560119628906,..,..,..,5,94.11202,7,105.03529,103.57724,93.94276,5.00866,84.10372,887,206,12,5,107.53882,24.19044,89.7703,3.21197,680
2010,YR2010,Sudan,SDN,..,..,..,..,..,..,..,..,11032211,14.8000001907349,42.0521430969238,54.8043060302734,..,..,..,6,..,6,..,..,..,..,..,..,..,12,5,..,..,..,..,..
2010,YR2010,Suriname,SUR,..,..,..,..,..,..,..,..,203797,12.8999996185303,28.6370391845703,64.9188537597656,98.3766403198242,94.6757507324219,..,6,..,6,..,..,..,..,..,..,..,12,7,..,..,..,..,..
2010,YR2010,Swaziland,SWZ,..,16.58055,34.80968,..,18.24037,..,..,..,413019,22.7999992370605,38.8411178588867,57.8186454772949,93.5022964477539,83.0982894897461,22.25117,6,76.67673,7,115.77283,117.54485,..,0.23877,73.09032,7462,..,13,5,57.97358,1.96459,90.18667,10.60382,4883
2010,YR2010,Sweden,SWE,74.63097,27.61101,31.87407,41.77461,13.34554,17.7999992370605,49.7000007629395,32.2999992370605,4972087,8.60000038146973,16.5072154998779,65.2895736694336,..,..,95.16336,7,96.70432,6,101.44854,103.49401,99.39628,9.49038,..,60396,3428,13,6,98.12084,17.47036,99.84619,0,75305
2010,YR2010,Switzerland,CHE,52.75723,23.27298,27.94575,41.71067,15.98845,17,49.7000007629395,32.9000015258789,4513247,4.5,15.0545797348022,68.0380706787109,..,..,98.70715,7,95.87771,6,102.51549,93.50815,93.6583,4.57556,..,..,4594,13,7,95.79713,7.37049,99.0923,2.38792,..
2010,YR2010,Syrian Arab Republic,SYR,25.72203,..,..,..,..,..,..,..,6019584,8.39999961853027,35.7342224121094,60.5361251831055,..,..,9.50726,6,104.02618,4,118.14719,116.50748,93.09819,4.19157,..,..,18600,10,8,72.46483,3.87774,95.64141,6.9951,..
2010,YR2010,Tajikistan,TJK,22.69801,..,..,15.73408,15.33145,..,..,..,3289704,11.6000003814697,35.9130706787109,60.7820739746094,..,..,8.40452,7,101.01126,4,100.44236,99.94978,97.69991,..,92.93757,27087,12332,11,7,84.40156,..,98.52892,0.44301,60334
2010,YR2010,Tanzania,TZA,2.10866,..,16.2465,870.9198,21.15692,..,..,..,22153255,3,44.8391418457031,52.0453224182129,74.5605239868164,67.8006973266602,33.01498,7,89.48543,7,101.67853,95.75884,..,1.80869,94.49945,165856,..,14,6,31.64522,..,..,1.25655,..
2010,YR2010,Thailand,THA,50.02553,19.40826,14.8314,16.95367,16.12435,38.5999984741211,13.8000001907349,16,38781149,1,19.3324527740479,71.79833984375,96.5975723266602,96.430908203125,108.34815,6,..,6,94.92364,..,..,18.2188,..,316552,..,12,6,83.47879,15.65707,..,..,..
2010,YR2010,Timor-Leste,TMP,17.73506,..,..,67.35423,8.61478,27.7000007629395,22.1000003814697,2.20000004768372,216825,3.90000009536743,47.3256759643555,49.585807800293,79.5286865234375,58.3089828491211,..,6,63.43565,6,116.52365,147.3221,85.01481,13.48322,..,7622,28449,12,6,54.7128,25.78595,91.17326,2.54954,4415
2010,YR2010,Togo,TGO,9.11702,11.20261,..,83.39767,19.61576,..,..,..,2951739,7.69999980926514,42.068920135498,55.1876983642578,..,..,7.63094,6,71.2547,6,131.42107,140.28242,..,33.73404,76.70283,31712,..,12,7,..,..,78.43759,22.85558,..
2010,YR2010,Tonga,TON,..,..,..,..,..,..,..,..,41786,..,37.4743041992188,56.6619911193848,..,..,..,5,..,6,108.0277,..,..,11.2595,..,677,..,11,6,103.94626,64.22143,..,..,993
2010,YR2010,Trinidad and Tobago,TTO,..,..,..,..,..,..,..,..,671730,5.90000009536743,20.72336769104,70.9852066040039,..,..,..,5,94.83276,7,106.09769,101.2244,95.18178,72.12866,..,..,1640,12,5,..,..,..,1.2885,..
2010,YR2010,Tunisia,TUN,36.05527,..,..,49.41412,20.12213,34,37.5,18.2000007629395,3801352,13,23.4928798675537,69.5595397949219,97.1717224121094,79.1305770874023,..,6,101.72364,6,108.81383,106.12466,99.10294,2.08803,..,60186,1981,12,7,89.00623,4.83617,..,14.50176,87585
2010,YR2010,Turkey,TUR,55.90155,..,..,..,..,63.7000007629395,20.3999996185303,15.8999996185303,25644596,11.8999996185303,26.7018947601318,66.2478332519531,98.2245864868164,92.6605987548828,25.59435,6,100.2492,5,102.41883,103.4385,97.14829,..,..,..,184747,11,7,84.42813,..,97.72497,..,..
2010,YR2010,Turkmenistan,TKM,..,..,..,..,..,..,..,..,2162347,11.3999996185303,29.2298183441162,66.6476898193359,..,..,..,7,..,3,..,..,..,..,..,..,..,10,7,..,..,..,..,..
2010,YR2010,Turks and Caicos Islands,TCA,..,..,..,..,..,..,..,..,..,..,..,..,..,..,..,6,..,6,..,..,..,..,..,..,..,12,5,..,..,..,..,..
2010,YR2010,Tuvalu,TUV,..,..,..,..,..,..,..,..,..,..,..,..,..,..,..,6,..,6,..,..,..,..,..,..,..,12,6,..,..,..,..,..
2010,YR2010,Uganda,UGA,..,5.85154,..,..,13.51757,..,..,..,13522606,4.19999980926514,48.8594703674316,48.6946868896484,87.4088287353516,73.2118835449219,13.57082,6,55.29957,7,117.44806,150.95642,88.09892,14.36355,..,172403,840206,13,6,..,..,58.3436,2.30874,..
2010,YR2010,Ukraine,UKR,76.65549,..,..,..,..,..,..,..,23144917,8.10000038146973,13.8961334228516,70.3200988769531,..,..,101.3093,6,98.87136,4,102.36289,108.41833,93.6544,0.5488,99.86276,98371,89371,10,7,95.39096,0.36927,99.84338,0.01045,..
2010,YR2010,United Arab Emirates,ARE,..,..,..,..,..,..,..,..,5686382,4,13.8594188690186,85.805549621582,..,..,85.52392,6,101.31865,5,112.71839,113.66384,87.95232,71.6744,..,19401,11699,11,7,..,56.19747,95.76771,3.00735,..
2010,YR2010,United Kingdom,GBR,60.50796,26.37533,33.81344,25.62969,13.31671,19.2000007629395,44.4000015258789,35.4000015258789,32029852,7.80000019073486,17.5601348876953,65.8507614135742,..,..,82.34446,5,..,6,106.9338,..,99.46062,5.03659,..,252290,14483,11,7,106.23838,29.31612,..,0,..
2010,YR2010,United States,USA,93.29339,22.10087,24.34197,20.88128,12.66257,..,..,..,157453689,9.69999980926514,19.8391551971436,67.0960998535156,..,..,71.90318,6,97.82577,6,99.45757,101.34438,92.55912,8.89453,..,1794812,1540821,12,6,93.1876,8.42838,..,..,1758269
2010,YR2010,Uruguay,URY,63.15235,..,..,..,..,26.2999992370605,56,17.2999992370605,1708962,6.80000019073486,22.5057849884033,63.619556427002,98.7841949462891,98.0727081298828,88.68647,6,104.27013,6,112.03577,98.43816,99.53355,16.14198,..,24785,496,12,6,90.33587,14.54376,..,..,25390
2010,YR2010,Uzbekistan,UZB,..,..,..,..,..,..,..,..,12195781,11.3999996185303,29.7718372344971,65.8378524780273,..,..,25.27155,7,91.726,4,93.03789,95.11711,88.32274,..,100,110962,189949,11,7,104.53065,..,99.02873,..,342064
2010,YR2010,Vanuatu,VUT,..,..,..,..,..,..,..,..,103683,..,38.2003326416016,57.8517036437988,..,..,61.21406,6,83.62583,6,122.49356,132.65482,..,..,..,1931,..,12,7,59.5327,..,..,2.29225,..
2010,YR2010,"Venezuela, RB",VEN,..,..,..,..,..,43.0999984741211,26.2999992370605,27,13293644,8.60000038146973,29.4732837677002,64.9010620117188,..,..,73.08043,6,93.57224,6,102.51393,98.67567,92.26338,17.42816,..,..,180935,12,5,82.27582,28.82478,98.52532,5.233,..
2010,YR2010,Vietnam,VNM,22.385,25.34212,..,39.79626,20.93941,..,..,..,51013859,2.29999995231628,23.4913311004639,69.9694519042969,..,..,68.67462,6,..,5,104.91385,..,98.01475,0.58328,98.33487,347840,122809,11,7,..,..,99.78992,..,..
2010,YR2010,Virgin Islands (U.S.),VIR,..,..,..,..,..,..,..,..,53947,..,20.6792507171631,65.6238861083984,..,..,..,6,..,6,..,..,..,..,..,..,..,..,..,..,..,..,..,..
2010,YR2010,West Bank and Gaza,WBG,50.06136,..,..,..,..,..,..,..,898553,23.7000007629395,42.0706062316895,55.1648178100586,99.2420349121094,94.932014465332,39.8473,6,94.25839,4,90.48065,91.42844,86.20306,11.84215,100,14491,49798,10,8,85.44565,5.45028,95.01882,2.04879,31586
2010,YR2010,"Yemen, Rep.",YEM,10.86531,..,..,..,..,16.1000003814697,21.3999996185303,8.30000019073486,6342507,17.7999992370605,41.9516258239746,55.3195419311523,..,..,1.31244,6,64.89543,6,91.99561,111.49538,81.75454,3.95402,..,111227,656001,12,6,44.30422,3.46754,..,7.2846,..
2010,YR2010,Zambia,ZMB,..,..,..,..,..,..,..,..,5578215,13.1999998092651,46.9120750427246,50.4344367980957,..,..,..,7,101.37983,7,111.39673,110.38638,88.31129,2.51434,..,54716,271516,14,5,..,..,55.93888,5.51986,..
2010,YR2010,Zimbabwe,ZWE,6.21249,..,..,78.87749,8.72091,..,..,..,6624295,4.09999990463257,41.2341537475586,54.783519744873,..,..,..,6,..,7,..,..,..,..,..,..,..,13,6,..,..,..,..,..

